name,beads_0,beads_1,beads_2,beads_3,beads_4,beads_5,beads_6,beads_7,sample_a,sample_b
ORF6_0,59,31,38,34,43,11,6,31,29,6
ORF6_4,11,25,12,17,17,7,9,11,13,1
ORF6_8,17,56,34,17,26,13,30,35,36,2
ORF6_12,23,12,12,17,17,9,15,7,19,2
ORF6_16,11,37,29,21,69,7,27,31,32,3
ORF6_20,71,50,29,38,60,17,21,50,61,1
ORF6_24,17,12,12,4,8,0,6,23,11,0
ORF6_28,35,31,29,17,34,7,18,11,28,1
ORF6_32,53,50,29,43,52,13,27,54,41,2
ORF6_36,5,37,4,17,60,7,6,19,12,0
ORF6_40,11,6,4,8,26,1,12,15,6,2
ORF6_44,65,18,17,38,52,13,6,27,38,2
ORF6_48,71,50,12,30,104,15,49,31,39,4
ORF6_52,23,6,12,0,17,1,6,0,10,0
ORF6_56,23,44,8,21,34,5,12,31,23,4
ORF7b_0,17,31,12,25,43,5,9,11,26,1
ORF7b_4,11,6,8,12,0,0,0,0,6,1
ORF7b_8,65,69,29,30,95,13,12,27,36,2
ORF7b_12,29,31,17,17,52,13,12,19,1100,1
ORF7b_16,5,0,4,4,8,1,3,7,625,1
ORF7b_20,17,6,4,21,69,7,15,11,875,1
ORF7b_24,0,0,0,0,0,0,0,0,0,0
ORF7b_28,71,31,38,38,95,13,30,39,44,5
ORF7b_32,23,18,25,17,78,7,15,23,23,3
ORF7b_36,35,56,38,34,17,19,6,27,38,2
ORF7b_40,0,0,0,0,0,0,0,0,0,0
ORF8_0,35,44,34,30,95,29,24,35,56,2
ORF8_4,11,12,4,4,0,7,9,7,12,1
ORF8_8,35,37,12,25,34,11,12,19,34,1
ORF8_12,11,31,12,17,17,7,9,3,15,2
ORF8_16,59,50,29,30,43,7,30,11,48,3
ORF8_20,0,6,4,8,17,1,0,15,12,0
ORF8_24,17,12,21,12,26,3,21,11,11,3
ORF8_28,5,12,0,8,43,3,6,7,11,2
ORF8_32,41,37,17,25,60,5,15,19,40,2
ORF8_36,29,31,17,4,60,15,9,11,21,0
ORF8_40,59,44,38,30,78,23,33,19,36,1
ORF8_44,29,56,21,17,52,13,30,27,23,4
ORF8_48,23,6,0,8,8,0,0,3,1,1
ORF8_52,11,6,12,17,17,7,3,11,17,3
ORF8_56,89,56,21,21,69,15,30,46,41,8
ORF8_60,0,6,4,4,8,1,3,3,8,0
ORF8_64,71,44,38,43,43,13,27,39,43,3
ORF8_68,71,75,34,30,52,23,18,31,45,2
ORF8_72,77,63,42,38,60,25,24,42,32,4
ORF8_76,17,6,12,21,17,15,21,15,25,1
ORF8_80,5,6,0,0,0,0,6,3,3,0
ORF8_84,5,31,0,8,34,5,9,0,12,1
ORF8_88,35,25,12,38,52,13,12,46,31,3
ORF8_92,41,18,38,38,113,23,30,31,28,3
ORF8_96,5,12,0,4,8,0,9,11,7,2
ORF8_100,0,0,0,0,0,0,0,0,0,0
ORF8_104,47,12,17,8,34,7,3,3,10,1
ORF8_108,5,12,4,0,0,3,6,3,5,0
ORF8_112,53,31,12,34,52,11,24,11,32,2
ORF8_116,23,18,25,8,26,5,12,15,9,0
M_0,0,0,0,0,0,0,9,3,7,1
M_4,0,37,25,8,26,15,18,11,29,3
M_8,5,44,38,21,17,5,9,31,25,0
M_12,77,88,42,43,60,9,33,31,48,5
M_16,23,6,21,25,43,1,3,19,16,4
M_20,29,44,46,21,43,7,27,7,28,2
M_24,0,12,4,4,8,3,9,3,5,0
M_28,41,69,42,30,87,29,18,39,30,4
M_32,5,0,4,0,0,0,0,0,4,1
M_36,89,25,29,47,95,13,33,31,41,3
M_40,23,6,8,8,17,7,3,3,11,1
M_44,23,37,25,17,52,9,24,50,32,9
M_48,11,18,17,30,43,13,39,27,34,5
M_52,47,50,51,25,87,25,18,19,43,4
M_56,41,31,12,30,43,5,27,50,29,4
M_60,11,37,21,21,26,11,6,23,21,2
M_64,11,0,0,0,8,0,6,0,4,1
M_68,41,18,12,12,34,9,15,7,22,5
M_72,29,50,42,38,34,9,27,23,36,4
M_76,59,31,68,25,78,13,21,27,44,3
M_80,65,25,12,25,60,13,18,39,40,5
M_84,23,44,42,25,69,17,21,15,41,3
M_88,0,0,0,0,0,0,0,0,0,0
M_92,29,37,21,38,34,17,36,42,47,2
M_96,23,44,12,12,60,11,15,31,28,6
M_100,77,31,21,34,69,17,33,23,37,4
M_104,29,25,4,21,43,19,24,27,41,6
M_108,0,0,0,0,0,0,0,0,0,0
M_112,35,50,34,55,78,13,15,19,34,1
M_116,17,25,29,30,34,11,21,7,35,7
M_120,11,6,4,4,43,0,0,7,8,1
M_124,0,0,0,0,0,0,0,0,0,0
M_128,23,50,12,38,69,15,9,35,25,4
M_132,5,31,12,8,34,1,6,7,10,2
M_136,5,0,8,0,26,3,6,7,8,1
M_140,0,0,0,0,0,0,0,0,0,0
M_144,5,31,38,12,43,5,12,7,22,1
M_148,71,25,34,38,69,15,24,39,59,6
M_152,23,25,38,17,52,9,12,23,26,1
M_156,53,44,42,55,113,11,15,3,34,7
M_160,59,50,34,51,113,13,15,27,38,3
M_164,29,37,25,30,26,7,21,11,26,4
M_168,77,44,46,43,95,11,18,42,45,3
M_172,17,56,46,30,34,5,21,23,29,2
M_176,5,0,4,0,0,5,3,7,3,1
M_180,0,0,0,0,0,0,0,0,0,0
M_184,29,37,34,17,60,15,33,27,32,1
M_188,5,63,17,38,121,15,15,35,30,5
M_192,41,37,25,21,78,11,27,39,35,3
M_196,23,25,25,17,26,5,15,27,13,1
M_200,23,18,25,4,0,0,12,0,13,0
M_204,47,18,17,21,60,19,21,23,44,3
M_208,29,69,8,8,34,11,9,23,30,3
M_212,11,18,4,8,26,1,0,3,18,1
M_216,0,0,0,0,0,0,0,0,0,0
M_220,11,0,17,25,0,0,18,15,10,1
S_0,23,18,25,8,52,5,24,11,21,0
S_4,11,6,17,12,17,0,3,11,9,1
S_8,0,0,0,0,0,0,0,0,0,0
S_12,53,44,17,25,34,7,3,7,17,1
S_16,47,50,55,51,69,23,12,62,32,6
S_20,59,63,25,55,69,11,12,23,31,4
S_24,11,31,34,21,8,11,27,31,32,7
S_28,35,88,42,34,69,11,27,23,37,6
S_32,77,56,51,30,60,17,30,35,51,2
S_36,77,50,12,47,52,19,36,35,30,2
S_40,17,18,4,17,8,1,3,7,11,0
S_44,17,25,42,21,69,9,18,23,30,3
S_48,0,0,0,0,0,0,0,0,0,0
S_52,23,18,4,17,43,5,12,7,14,0
S_56,23,25,12,8,26,5,21,3,10,4
S_60,23,31,4,12,26,13,15,15,28,0
S_64,41,44,34,12,0,15,30,7,24,0
S_68,47,37,34,21,34,3,18,7,29,2
S_72,23,12,25,12,26,3,6,15,14,2
S_76,17,37,21,8,60,19,15,7,34,1
S_80,11,25,4,4,8,1,18,0,4,2
S_84,11,12,17,17,34,7,3,19,22,1
S_88,5,0,4,0,0,0,0,0,6,1
S_92,47,18,38,55,95,15,49,23,43,2
S_96,35,31,34,34,43,17,24,31,41,7
S_100,17,12,21,21,34,3,6,15,23,1
S_104,29,31,25,25,78,7,6,0,28,2
S_108,23,25,12,12,17,3,15,0,15,0
S_112,83,44,25,47,69,15,42,46,39,5
S_116,47,25,17,17,43,7,18,27,31,0
S_120,65,44,34,34,87,9,30,39,37,4
S_124,17,50,42,21,26,7,12,27,25,6
S_128,0,0,0,0,0,0,0,0,0,0
S_132,0,0,0,0,0,0,0,0,0,0
S_136,65,18,34,30,69,13,18,39,35,5
S_140,71,44,25,25,34,9,24,23,46,3
S_144,11,25,21,17,8,1,3,11,6,0
S_148,53,44,34,43,34,17,24,27,36,3
S_152,17,0,0,12,34,5,12,7,8,2
S_156,41,12,8,47,52,9,18,27,28,6
S_160,23,31,29,17,26,13,24,11,24,2
S_164,11,50,68,34,69,9,12,50,33,1
S_168,71,69,38,34,69,9,24,31,39,3
S_172,23,25,21,8,26,5,21,19,12,3
S_176,0,0,0,0,0,0,0,0,0,0
S_180,11,18,12,0,8,7,6,3,8,1
S_184,47,56,25,55,34,13,24,19,39,7
S_188,41,50,29,17,52,15,24,42,30,3
S_192,47,31,29,8,34,15,18,23,16,5
S_196,41,31,34,25,52,13,30,39,36,1
S_200,41,37,34,25,60,9,33,35,40,3
S_204,23,18,34,17,34,1,9,11,15,1
S_208,0,0,0,0,0,0,0,0,0,0
S_212,0,0,0,0,0,0,0,0,0,0
S_216,53,75,46,25,60,7,49,42,44,3
S_220,23,6,12,12,8,3,9,3,12,2
S_224,29,37,12,25,95,7,18,7,19,0
S_228,0,6,0,0,0,1,3,3,7,0
S_232,17,18,0,17,0,5,9,7,13,1
S_236,0,0,0,0,0,0,0,0,0,0
S_240,11,31,17,17,34,3,6,15,22,2
S_244,0,0,0,0,0,0,0,0,0,0
S_248,29,18,34,17,60,23,12,42,49,6
S_252,0,0,0,0,0,0,0,0,0,0
S_256,0,0,0,0,0,0,0,0,0,0
S_260,11,6,4,4,0,0,0,3,4,1
S_264,11,18,4,4,0,3,0,3,10,2
S_268,47,12,25,21,60,5,24,11,20,2
S_272,35,31,21,25,17,13,18,23,43,2
S_276,23,37,34,17,78,7,12,11,22,4
S_280,0,0,0,0,0,0,0,0,0,0
S_284,0,0,0,0,0,0,0,0,0,0
S_288,11,0,8,4,8,1,9,0,10,0
S_292,5,12,0,4,17,1,0,3,7,0
S_296,35,6,25,12,26,15,12,11,16,2
S_300,53,31,38,47,60,21,18,35,35,8
S_304,5,31,17,21,60,13,9,27,23,2
S_308,17,44,21,43,43,7,9,27,29,4
S_312,11,25,17,12,17,0,6,7,8,2
S_316,35,12,25,25,60,19,24,11,26,2
S_320,41,63,42,25,52,13,45,27,33,2
S_324,0,0,0,0,0,0,0,0,0,0
S_328,35,31,17,17,8,3,15,19,17,3
S_332,47,31,25,60,104,13,18,27,39,4
S_336,29,50,17,12,26,5,12,11,21,0
S_340,17,6,12,12,34,5,18,7,16,1
S_344,0,18,0,4,8,1,0,0,4,0
S_348,11,12,46,34,52,13,6,27,32,4
S_352,23,37,25,47,17,7,6,3,31,4
S_356,0,0,0,0,0,0,0,0,0,0
S_360,53,44,21,43,78,9,33,31,44,1
S_364,35,25,21,30,69,11,15,19,26,3
S_368,17,12,4,4,34,1,18,3,9,1
S_372,17,31,8,8,34,3,6,11,14,3
S_376,17,6,0,8,26,3,12,11,20,1
S_380,0,37,0,0,0,7,3,7,8,2
S_384,29,63,29,64,60,33,27,31,48,5
S_388,11,0,8,12,26,7,0,11,9,1
S_392,29,12,12,17,0,5,9,11,9,1
S_396,11,12,21,21,52,13,6,7,14,2
S_400,41,25,25,21,69,15,27,19,21,4
S_404,0,37,21,25,8,7,3,23,17,1
S_408,41,50,25,30,78,23,36,39,38,2
S_412,0,0,0,0,0,0,0,0,0,0
S_416,41,31,29,25,78,15,18,11,45,4
S_420,17,18,42,21,60,9,15,23,31,5
S_424,5,6,0,8,0,3,6,0,5,1
S_428,29,56,38,17,104,9,18,15,38,6
S_432,0,0,0,0,0,0,0,0,0,0
S_436,65,56,25,25,87,7,27,50,34,9
S_440,35,50,25,30,113,33,15,46,49,4
S_444,5,12,0,0,0,0,0,3,1,1
S_448,47,56,21,12,34,9,30,15,28,3
S_452,59,37,21,43,69,23,27,35,52,6
S_456,11,12,8,8,34,3,15,3,14,1
S_460,65,31,29,21,69,21,9,15,31,2
S_464,71,56,34,55,121,29,15,19,44,1
S_468,11,25,21,43,43,19,21,15,44,6
S_472,0,12,17,17,17,1,15,11,8,4
S_476,0,0,0,0,0,0,0,0,0,0
S_480,0,6,4,0,8,1,9,3,1,0
S_484,0,0,0,0,0,0,0,0,0,0
S_488,23,25,0,25,52,7,18,27,18,4
S_492,11,37,12,21,8,3,15,7,15,1
S_496,29,44,34,38,95,19,24,35,47,1
S_500,59,44,51,47,95,19,45,46,35,4
S_504,47,25,17,30,78,17,45,58,43,1
S_508,11,12,4,12,8,3,6,7,10,0
S_512,29,18,12,8,34,3,6,0,12,1
S_516,11,12,12,21,8,5,21,7,17,0
S_520,35,12,17,4,17,7,12,19,14,0
S_524,53,31,38,38,60,3,18,23,26,4
S_528,17,25,25,21,43,3,15,23,28,5
S_532,17,37,38,25,78,13,27,27,30,6
S_536,0,0,0,0,0,0,0,0,0,0
S_540,23,37,21,21,52,13,36,23,30,6
S_544,0,37,25,4,26,7,12,7,16,1
S_548,0,0,0,0,0,0,0,0,0,0
S_552,47,63,21,34,52,23,27,23,41,1
S_556,5,6,12,0,43,11,0,7,17,0
S_560,29,44,17,12,34,3,12,11,30,0
S_564,53,31,12,34,34,17,12,23,33,4
S_568,17,0,0,8,26,5,9,11,9,1
S_572,5,6,0,8,26,3,9,0,13,1
S_576,35,44,25,38,52,23,42,42,37,3
S_580,17,12,12,4,26,5,0,11,10,2
S_584,59,44,42,30,78,13,18,39,36,3
S_588,0,6,4,17,0,3,0,3,5,0
S_592,11,6,12,8,17,5,6,0,6,0
S_596,0,12,0,4,0,0,6,3,6,1
S_600,35,25,25,21,43,15,3,19,25,2
S_604,23,0,8,8,0,1,6,0,9,2
S_608,53,88,17,30,60,7,33,11,48,2
S_612,11,0,12,8,26,1,3,3,18,1
S_616,0,0,0,0,0,0,0,0,0,0
S_620,23,18,12,21,26,5,9,15,17,5
S_624,0,0,0,0,0,0,0,0,0,0
S_628,11,44,8,25,34,9,6,11,15,3
S_632,5,25,4,12,60,13,9,19,14,1
S_636,53,56,29,17,52,17,30,35,37,7
S_640,35,50,21,17,60,13,24,27,33,6
S_644,53,56,29,34,8,11,24,35,30,3
S_648,11,25,8,8,8,3,6,0,10,2
S_652,0,0,0,0,0,0,0,0,0,0
S_656,0,0,0,0,0,0,0,0,0,0
S_660,29,18,8,8,52,0,0,7,14,1
S_664,11,25,29,34,60,11,12,11,24,3
S_668,41,44,12,25,60,21,24,11,46,4
S_672,53,25,25,8,52,17,27,31,28,2
S_676,17,37,17,12,60,7,18,19,28,3
S_680,53,25,21,30,52,7,24,11,23,3
S_684,0,25,12,4,26,5,3,23,13,3
S_688,17,31,21,4,69,3,24,15,22,3
S_692,29,18,17,25,95,15,24,27,40,2
S_696,0,0,12,0,0,0,0,7,1,0
S_700,17,18,12,21,34,9,3,11,19,2
S_704,0,0,0,0,0,0,0,0,0,0
S_708,0,0,0,0,0,0,0,0,0,0
S_712,35,56,17,8,43,5,12,7,22,3
S_716,17,18,0,17,8,5,9,7,8,1
S_720,11,37,25,12,52,1,0,23,10,0
S_724,5,18,4,8,17,3,6,0,7,0
S_728,0,0,0,0,0,0,0,0,500,0
S_732,0,0,0,0,0,0,0,0,500,0
S_736,23,18,17,55,17,3,12,15,1050,3
S_740,17,25,21,17,17,7,18,27,1150,2
S_744,41,12,4,8,17,0,12,3,17,1
S_748,35,56,55,51,43,19,30,46,37,2
S_752,5,25,21,12,17,5,15,15,21,2
S_756,41,25,34,34,52,5,12,23,31,3
S_760,0,0,0,0,0,0,0,0,0,0
S_764,47,44,25,17,17,7,12,11,18,4
S_768,5,31,4,0,8,1,3,11,8,0
S_772,0,0,0,0,0,0,0,0,0,0
S_776,23,18,12,17,8,5,27,11,13,0
S_780,17,31,17,25,8,9,18,15,30,3
S_784,17,75,12,38,17,15,24,23,35,3
S_788,0,0,0,0,0,0,0,0,0,0
S_792,5,12,12,8,0,1,0,11,5,0
S_796,11,0,4,4,0,0,6,0,7,0
S_800,47,12,21,25,60,7,39,31,39,2
S_804,59,63,34,34,121,9,30,39,51,2
S_808,17,44,38,21,43,3,24,11,19,2
S_812,59,82,29,25,34,19,24,42,41,5
S_816,17,18,21,0,17,0,6,3,8,3
S_820,23,44,21,12,69,13,21,19,32,2
S_824,47,44,17,25,78,5,15,27,34,5
S_828,11,6,8,8,0,5,0,3,2,0
S_832,41,37,25,30,34,1,21,27,20,4
S_836,17,44,21,25,60,19,6,15,35,8
S_840,11,6,4,4,0,3,6,0,3,0
S_844,71,63,68,60,95,23,21,31,52,5
S_848,17,12,0,4,17,1,0,0,3,0
S_852,35,56,38,38,78,11,39,39,40,6
S_856,0,0,0,0,0,0,0,0,0,0
S_860,65,37,21,30,95,11,27,15,28,6
S_864,0,0,0,0,0,0,0,0,0,0
S_868,35,56,17,21,78,11,9,35,35,6
S_872,35,31,8,8,17,17,24,23,23,2
S_876,17,31,25,25,34,9,21,11,27,4
S_880,35,63,46,25,17,11,36,19,37,5
S_884,29,37,21,34,26,13,15,11,28,4
S_888,29,31,25,34,113,9,15,50,43,3
S_892,23,6,4,8,8,5,12,3,10,1
S_896,0,0,4,4,8,1,3,3,8,1
S_900,35,25,34,51,69,21,15,27,44,2
S_904,35,50,29,38,95,11,21,27,33,4
S_908,53,37,38,25,95,13,33,31,43,5
S_912,35,12,12,4,52,13,30,23,27,1
S_916,59,82,29,43,43,15,33,35,36,4
S_920,17,18,17,17,8,5,3,15,16,0
S_924,23,18,17,17,26,7,12,11,22,3
S_928,0,0,0,0,0,0,0,0,0,0
S_932,53,37,38,25,52,21,9,19,32,1
S_936,11,25,21,8,17,1,6,11,9,1
S_940,17,25,21,34,34,9,15,11,31,2
S_944,5,12,0,4,8,0,6,0,3,0
S_948,0,0,0,17,0,1,6,3,4,0
S_952,41,37,12,25,60,9,12,19,21,4
S_956,53,44,25,34,60,7,21,3,21,6
S_960,29,0,4,4,34,5,6,11,7,1
S_964,17,37,21,47,69,11,18,39,42,4
S_968,47,69,34,43,69,17,30,74,48,5
S_972,59,37,21,12,17,9,21,31,29,3
S_976,17,63,29,43,78,17,21,42,50,3
S_980,17,63,51,12,121,19,30,42,37,5
S_984,47,44,21,17,60,11,15,11,18,3
S_988,0,0,0,0,0,0,0,0,0,0
S_992,5,31,8,12,34,5,12,11,20,2
S_996,35,75,29,21,43,21,49,46,41,2
S_1000,29,25,12,43,43,21,12,27,20,7
S_1004,29,25,17,30,52,5,9,23,26,2
S_1008,11,12,8,17,43,7,6,15,20,1
S_1012,0,0,0,0,0,0,0,0,0,0
S_1016,29,18,25,25,26,17,27,31,38,5
S_1020,17,31,17,17,26,7,15,3,23,1
S_1024,47,25,17,21,43,5,3,11,15,3
S_1028,35,56,34,17,26,13,21,15,26,1
S_1032,23,25,21,0,34,3,6,3,16,1
S_1036,17,37,21,34,34,9,18,15,23,1
S_1040,29,18,25,8,43,5,6,7,16,0
S_1044,5,25,8,12,8,5,6,19,8,1
S_1048,65,37,12,30,26,13,15,27,20,1
S_1052,35,37,21,25,43,13,30,54,34,6
S_1056,11,6,4,17,17,5,9,7,13,2
S_1060,0,0,4,4,17,0,6,3,6,0
S_1064,59,69,42,25,95,15,24,46,42,8
S_1068,5,6,0,0,17,3,12,3,11,1
S_1072,0,0,0,0,0,0,0,0,0,0
S_1076,23,69,42,34,52,9,15,31,38,5
S_1080,17,0,4,0,8,5,3,0,15,0
S_1084,65,56,34,38,95,29,33,39,41,4
S_1088,23,31,25,25,34,0,15,15,33,2
S_1092,65,82,59,30,87,7,30,39,50,6
S_1096,35,25,25,21,26,9,18,15,16,0
S_1100,47,31,25,34,95,11,27,54,58,6
S_1104,17,12,4,30,0,9,15,3,23,2
S_1108,47,12,21,38,52,13,12,23,28,3
S_1112,71,63,21,25,78,17,21,23,43,5
S_1116,23,0,21,21,8,7,9,11,19,1
S_1120,0,0,0,0,0,0,0,0,0,0
S_1124,89,75,25,51,87,23,39,58,37,6
S_1128,71,63,46,38,52,13,18,39,45,5
S_1132,0,0,0,0,0,0,0,0,0,0
S_1136,5,12,8,4,8,0,9,3,7,2
S_1140,53,18,29,34,43,11,0,19,18,1
S_1144,59,56,34,47,69,19,21,7,34,7
S_1148,53,25,25,38,113,7,24,39,32,3
S_1152,0,18,21,4,34,1,6,11,12,2
S_1156,0,0,0,0,0,0,0,0,0,0
S_1160,23,25,29,17,34,9,15,15,21,3
S_1164,41,18,17,4,17,3,21,11,23,4
S_1168,65,31,25,21,34,3,21,11,22,1
S_1172,35,56,29,17,43,19,15,23,36,5
S_1176,5,25,8,12,8,3,0,3,4,1
S_1180,53,44,51,21,60,23,24,46,38,3
S_1184,0,6,12,12,17,1,24,3,7,1
S_1188,29,25,8,21,87,13,6,11,13,1
S_1192,35,18,42,25,34,13,15,0,29,1
S_1196,53,44,42,34,78,15,24,39,36,3
S_1200,17,37,17,12,52,13,15,15,18,2
S_1204,0,0,0,0,0,0,0,0,0,0
S_1208,41,25,0,12,95,1,9,19,18,1
S_1212,17,18,17,8,17,5,9,27,18,3
S_1216,41,69,59,30,95,31,30,11,43,9
S_1220,59,63,38,25,113,15,27,15,42,5
S_1224,17,31,4,17,17,7,6,11,30,3
S_1228,17,31,17,12,69,15,36,19,27,4
S_1232,11,12,29,8,26,11,3,11,12,1
S_1236,0,0,0,0,0,0,0,0,0,0
S_1240,23,37,12,12,8,9,9,11,20,3
S_1244,41,37,12,25,78,15,18,19,24,4
S_1248,53,69,38,21,95,15,9,35,51,4
S_1252,65,44,29,21,52,21,30,66,41,6
S_1256,23,31,25,21,43,11,6,19,35,4
S_1260,11,25,25,12,26,15,15,15,21,4
S_1264,11,31,8,8,52,1,15,15,14,2
S_1268,0,12,4,0,8,0,0,3,4,0
E_0,5,6,4,8,8,5,12,15,14,550
E_4,47,88,55,34,52,7,27,31,39,575
E_8,41,37,42,51,139,21,33,27,47,625
E_12,11,6,8,25,17,7,3,7,13,0
E_16,71,18,21,38,60,13,21,35,42,7
E_20,0,0,0,0,0,0,0,0,0,0
E_24,47,37,29,25,87,11,21,31,42,5
E_28,35,63,17,17,52,15,6,23,12,2
E_32,0,44,21,12,26,5,12,7,16,550
E_36,47,37,34,38,87,21,30,19,42,550
E_40,17,31,17,8,52,11,15,11,32,550
E_44,0,18,12,4,0,5,6,3,7,500
E_48,0,0,0,0,0,0,0,0,0,0
E_52,23,18,8,4,26,5,12,11,9,2
E_56,47,37,25,34,60,23,33,35,43,0
E2_0,5,6,4,4,26,1,3,0,4,0
E2_4,17,6,4,8,0,5,6,3,8,2
E2_8,0,0,0,0,0,0,0,0,0,0
E2_12,0,0,0,0,0,0,0,0,0,0
E2_16,5,0,8,17,17,11,9,3,11,1
E2_20,17,37,12,21,34,9,15,3,20,2
E2_24,23,12,4,4,8,3,0,3,11,1
E2_28,0,0,0,0,0,0,0,0,0,0
E2_32,0,0,0,0,0,0,0,0,0,500
E2_36,35,44,42,38,26,5,18,23,44,600
E2_40,59,50,21,60,78,19,36,27,52,700
E2_44,0,6,0,0,0,3,3,7,4,550
E2_48,5,12,4,12,26,0,6,15,14,2
E2_52,5,12,8,4,17,1,6,3,5,1
E2_56,11,12,8,21,8,3,0,0,5,1
E3_0,29,25,17,21,26,13,12,46,29,0
E3_4,0,0,0,0,0,0,0,0,0,0
E3_8,77,63,59,34,78,17,33,39,49,3
E3_12,71,37,17,34,43,19,18,23,31,2
E3_16,23,37,38,34,69,25,24,42,48,5
E3_20,47,44,64,21,95,15,30,23,49,2
E3_24,71,50,21,30,87,13,27,35,42,6
E3_28,5,6,0,4,8,3,3,7,4,1
E3_32,17,6,12,8,26,3,9,7,16,0
E3_36,77,44,46,17,78,15,39,27,40,550
E3_40,23,37,38,30,60,13,9,31,28,500
E3_44,11,0,21,17,26,1,12,3,13,525
E3_48,65,94,42,30,69,17,30,39,45,7
E3_52,29,44,12,8,69,5,15,15,26,0
E3_56,11,18,4,0,17,0,0,3,2,0
E4_0,47,31,46,43,104,17,21,39,25,2
E4_4,29,18,17,12,17,7,21,7,14,0
E4_8,29,18,81,30,78,7,33,35,43,1
E4_12,41,18,25,21,52,7,9,19,18,4
E4_16,53,94,21,47,52,13,24,31,36,0
E4_20,11,18,4,8,34,5,3,19,18,1
E4_24,71,69,42,55,113,9,21,19,43,5
E4_28,17,56,25,21,17,9,15,19,17,4
E4_32,95,50,34,47,69,13,18,23,37,550
E4_36,59,63,29,43,17,7,27,19,37,575
E4_40,11,12,8,21,17,5,0,3,12,525
E4_44,0,0,0,0,0,0,0,0,0,500
E4_48,17,18,8,17,0,3,9,11,16,1
E4_52,11,18,8,21,43,7,9,23,17,1
E4_56,0,12,0,0,0,1,3,3,7,1
S_redundant_0,0,0,0,0,0,0,0,0,0,0
S_redundant_4,17,37,55,21,52,5,27,19,33,4
S_redundant_8,53,44,21,25,69,9,21,39,35,2
S_redundant_12,35,63,17,25,43,5,21,23,30,5
S_redundant_16,5,25,17,4,43,13,9,19,22,0
S_redundant_20,0,0,0,0,0,0,0,0,0,0
S_redundant_24,41,50,12,43,43,15,15,31,34,3
S_redundant_28,29,82,34,30,69,11,21,23,30,6
S_redundant_32,35,44,42,17,69,23,39,42,50,5
S_redundant_36,11,12,0,12,8,0,15,7,10,4
S_redundant_40,71,25,29,21,95,7,33,23,34,2
S_redundant_44,0,0,0,0,0,0,0,0,0,0
S_redundant_48,0,0,0,0,0,0,0,0,0,0
S_redundant_52,41,31,17,17,17,3,9,19,15,0
S_redundant_56,71,37,38,30,60,19,21,19,35,3
S_redundant_60,47,37,17,12,43,9,18,31,27,5
S_redundant_64,5,25,17,4,17,1,9,11,10,0
S_redundant_68,0,0,0,0,0,0,0,0,0,0
S_redundant_72,11,12,8,12,17,1,0,19,17,1
S_redundant_76,71,56,34,30,43,21,24,31,37,4
S_redundant_80,53,6,8,8,34,1,0,7,10,0
S_redundant_84,47,69,17,30,52,17,18,35,33,1
S_redundant_88,11,50,25,25,60,7,18,19,29,2
S_redundant_92,0,18,4,12,34,5,9,7,20,1
S_redundant_96,17,25,17,4,0,1,6,11,12,2
S_redundant_100,35,31,38,47,104,13,30,39,46,4
S_redundant_104,29,6,12,12,52,7,12,23,17,1
S_redundant_108,35,12,4,8,34,5,12,11,21,1
S_redundant_112,23,12,12,17,8,5,3,11,12,3
S_redundant_116,59,31,42,38,43,17,30,19,44,6
S_redundant_120,23,6,12,8,26,5,6,0,12,1
S_redundant_124,11,18,8,8,43,3,3,3,26,2
S_redundant_128,11,18,17,17,34,3,12,0,19,2
S_redundant_132,5,44,25,17,34,5,18,23,25,2
S_redundant_136,59,37,8,21,34,11,18,15,37,4
S_redundant_140,41,18,55,43,43,19,39,50,42,1
S_redundant_144,53,56,34,34,60,5,27,7,18,3
S_redundant_148,17,37,12,17,17,15,12,15,22,1
S_redundant_152,71,94,38,43,60,17,24,46,43,4
S_redundant_156,35,69,42,38,95,21,36,35,38,5
S_redundant_160,17,37,21,30,34,7,18,42,30,6
S_redundant_164,23,69,42,21,43,21,24,31,42,9
S_redundant_168,29,25,8,30,26,7,15,11,24,4
S_redundant_172,11,25,0,12,17,3,9,7,12,0
S_redundant_176,35,37,29,25,52,9,30,23,37,2
S_redundant_180,11,6,8,4,0,7,3,0,5,1
S_redundant_184,11,56,38,38,78,13,33,23,36,6
S_redundant_188,71,50,76,8,34,17,33,19,32,2
S_redundant_192,29,56,21,17,69,17,27,31,46,2
S_redundant_196,0,0,0,0,0,0,0,0,0,0
S_redundant_200,35,31,21,17,52,13,6,7,22,2
S_redundant_204,59,44,25,25,26,3,9,15,29,2
S_redundant_208,59,37,12,25,69,13,21,15,28,1
S_redundant_212,89,69,29,55,121,21,33,31,46,4
S_redundant_216,47,56,25,21,104,19,9,15,42,3
S_redundant_220,0,0,8,0,8,1,0,11,5,1
S_redundant_224,65,82,25,38,78,17,30,39,40,10
S_redundant_228,11,12,8,0,17,0,3,3,4,2
S_redundant_232,47,18,12,21,17,7,9,11,17,2
S_redundant_236,11,12,17,12,26,9,15,0,23,1
S_redundant_240,29,25,12,21,17,5,27,15,19,2
S_redundant_244,29,0,21,4,8,0,3,7,10,0
S_redundant_248,53,44,51,21,52,19,15,27,33,2
S_redundant_252,0,0,0,0,0,0,0,0,0,0
S_redundant_256,47,44,29,34,52,11,21,19,27,3
S_redundant_260,11,50,17,4,17,1,12,15,16,1
S_redundant_264,0,0,0,0,0,0,0,0,0,0
S_redundant_268,29,25,25,38,34,7,24,35,31,3
S_redundant_272,59,37,34,43,43,21,15,19,32,2
S_redundant_276,23,0,4,34,26,1,21,11,23,3
S_redundant_280,11,18,17,17,69,3,0,27,19,2
S_redundant_284,41,44,8,30,52,9,21,23,27,8
S_redundant_288,5,18,4,4,17,3,6,0,2,2
S_redundant_292,29,56,38,8,43,9,24,15,29,3
S_redundant_296,5,31,8,25,43,3,15,15,28,2
S_redundant_300,35,56,51,55,87,9,42,31,51,4
S_redundant_304,65,56,29,60,87,27,24,35,49,7
S_redundant_308,29,0,17,4,8,1,3,15,8,0
S_redundant_312,29,56,29,25,8,7,18,39,17,0
S_redundant_316,17,12,8,0,26,1,3,0,12,4
S_redundant_320,0,18,0,0,17,3,3,3,0,1
S_redundant_324,17,75,46,30,87,21,36,42,31,4
S_redundant_328,11,18,12,12,26,11,6,11,18,0
S_redundant_332,41,25,25,43,78,11,15,11,38,2
S_redundant_336,23,37,25,34,69,21,33,23,44,4
S_redundant_340,65,69,46,25,69,19,9,23,27,2
S_redundant_344,0,0,0,0,0,0,0,0,0,0
S_redundant_348,5,18,8,4,8,1,6,11,9,0
S_redundant_352,23,44,12,34,34,17,18,35,52,0
S_redundant_356,0,0,0,0,0,0,0,0,0,0
S_redundant_360,47,69,29,30,52,21,36,35,33,2
S_redundant_364,29,25,21,47,60,13,33,23,36,2
S_redundant_368,0,0,0,0,0,0,0,0,0,0
S_redundant_372,29,56,29,25,26,9,18,15,22,2
S_redundant_376,29,12,42,17,17,13,6,15,22,1
S_redundant_380,29,25,25,8,52,1,30,7,35,2
S_redundant_384,59,63,29,38,104,27,12,42,41,2
S_redundant_388,29,18,4,4,17,5,3,15,23,2
S_redundant_392,47,37,29,12,34,9,12,23,32,1
S_redundant_396,17,31,29,21,8,5,18,3,17,3
S_redundant_400,17,25,21,21,52,5,12,15,20,1
S_redundant_404,11,0,4,8,52,5,6,7,9,1
S_redundant_408,11,6,8,12,17,1,12,15,9,1
S_redundant_412,5,18,4,12,8,0,6,15,7,0
S_redundant_416,17,25,12,4,26,3,12,7,12,0
S_redundant_420,29,25,55,60,52,7,39,31,38,7
S_redundant_424,11,0,4,0,8,1,3,0,5,0
S_redundant_428,47,37,38,60,60,13,45,31,23,9
S_redundant_432,0,0,0,0,0,0,0,0,0,0
S_redundant_436,0,0,0,0,0,0,0,0,0,0
S_redundant_440,41,12,17,21,34,9,9,15,16,3
S_redundant_444,29,44,21,12,17,3,21,11,19,1
S_redundant_448,41,37,34,12,34,5,9,27,20,3
S_redundant_452,5,44,17,0,0,3,0,7,8,1
S_redundant_456,35,50,25,47,34,9,18,3,39,4
S_redundant_460,47,31,17,30,43,9,24,31,39,4
S_redundant_464,41,44,46,47,69,9,24,19,53,6
S_redundant_468,23,18,42,43,60,15,12,31,33,4
S_redundant_472,11,25,25,21,87,17,36,23,35,3
S_redundant_476,41,50,51,25,95,23,27,27,37,5
S_redundant_480,17,12,4,8,26,9,6,15,24,4
S_redundant_484,23,37,25,30,43,11,21,19,41,2
S_redundant_488,29,56,34,34,69,7,24,46,46,2
S_redundant_492,5,12,4,0,26,1,12,11,20,1
S_redundant_496,71,56,25,43,60,13,45,23,42,6
S_redundant_500,41,56,29,30,60,7,27,3,27,3
S_redundant_504,59,100,42,51,104,17,33,31,46,3
S_redundant_508,17,0,4,8,8,1,6,3,9,0
S_redundant_512,11,6,25,21,26,1,21,7,26,3
S_redundant_516,29,56,38,30,95,17,18,27,30,3
S_redundant_520,11,12,21,12,26,5,3,15,11,2
S_redundant_524,41,25,12,8,34,7,30,7,24,2
S_redundant_528,0,0,0,0,0,0,0,0,0,0
S_redundant_532,41,25,25,30,26,19,21,50,40,3
S_redundant_536,0,0,0,0,0,0,0,0,0,0
S_redundant_540,5,0,8,12,52,9,12,15,26,1
S_redundant_544,17,6,12,4,17,7,9,7,13,1
S_redundant_548,5,12,0,4,17,5,6,0,7,0
S_redundant_552,35,75,17,17,43,11,15,11,32,5
S_redundant_556,0,0,8,0,0,1,0,3,3,1
S_redundant_560,5,31,0,0,8,3,3,11,12,1
S_redundant_564,23,18,4,30,8,1,12,11,24,2
S_redundant_568,11,44,25,25,60,17,42,23,46,2
S_redundant_572,0,6,12,8,26,5,3,3,4,1
S_redundant_576,59,75,17,43,113,19,18,39,45,6
S_redundant_580,29,63,29,21,34,19,12,35,23,4
S_redundant_584,17,0,0,0,0,0,3,7,3,0
S_redundant_588,47,0,38,8,26,1,3,3,17,3
S_redundant_592,11,63,29,25,43,5,9,42,21,4
S_redundant_596,71,44,29,4,69,13,15,15,44,5
S_redundant_600,0,0,0,0,0,0,0,0,0,0
S_redundant_604,29,18,17,25,26,7,9,11,21,2
S_redundant_608,0,0,0,0,0,0,0,0,0,0
S_redundant_612,5,0,4,0,8,3,0,7,5,1
S_redundant_616,0,0,0,0,0,0,0,0,0,0
S_redundant_620,11,18,4,12,43,5,6,19,21,3
S_redundant_624,71,44,51,25,78,11,36,42,41,2
S_redundant_628,29,69,38,34,69,13,24,58,36,4
S_redundant_632,47,50,21,12,26,11,9,3,20,1
S_redundant_636,0,0,0,0,0,0,0,0,0,0
S_redundant_640,0,0,0,0,0,0,0,0,0,0
S_redundant_644,5,0,4,4,26,3,3,11,5,0
S_redundant_648,41,25,38,21,113,19,15,27,35,2
S_redundant_652,0,0,4,4,17,5,3,3,8,2
S_redundant_656,0,0,0,0,0,0,0,0,0,0
S_redundant_660,29,37,12,12,34,15,12,15,12,4
S_redundant_664,47,25,34,43,34,11,6,23,28,8
S_redundant_668,41,12,38,21,26,13,9,15,23,3
S_redundant_672,0,0,0,0,0,0,0,0,0,0
S_redundant_676,23,37,12,0,69,5,12,7,18,4
S_redundant_680,17,18,12,12,60,5,9,23,20,5
S_redundant_684,35,50,42,12,43,1,12,35,24,2
S_redundant_688,17,31,0,4,8,11,0,3,9,2
S_redundant_692,29,18,25,8,26,5,9,23,21,3
S_redundant_696,41,31,25,17,34,27,18,39,30,1
S_redundant_700,65,37,8,30,34,3,12,23,21,3
S_redundant_704,29,18,4,8,60,9,21,11,22,1
S_redundant_708,17,37,21,8,26,7,24,23,10,1
S_redundant_712,47,69,46,34,121,15,27,31,46,3
S_redundant_716,53,69,64,38,60,19,30,46,38,3
S_redundant_720,11,12,8,4,17,0,0,3,12,2
S_redundant_724,0,0,0,0,0,0,0,0,0,0
S_redundant_728,23,18,17,17,34,7,6,23,1125,1
S_redundant_732,29,44,21,38,52,13,9,39,1525,4
S_redundant_736,0,0,0,0,0,0,0,0,500,0
S_redundant_740,0,6,21,8,0,0,15,7,800,1
S_redundant_744,11,0,12,4,34,5,12,27,23,0
S_redundant_748,0,0,0,0,0,0,0,0,0,0
S_redundant_752,0,0,0,0,0,0,0,0,0,0
S_redundant_756,53,50,12,38,52,7,18,39,43,5
S_redundant_760,0,6,0,0,17,3,0,11,4,1
S_redundant_764,47,25,25,30,113,11,36,35,36,1
S_redundant_768,59,50,17,25,78,7,18,19,31,1
S_redundant_772,41,88,51,43,69,13,15,35,40,3
S_redundant_776,29,94,25,25,52,27,24,31,41,4
S_redundant_780,0,6,0,4,17,0,9,3,6,1
S_redundant_784,35,44,25,17,78,11,36,27,18,1
S_redundant_788,17,44,12,38,52,11,18,19,18,3
S_redundant_792,17,18,17,4,26,1,3,7,10,1
S_redundant_796,0,18,4,0,17,3,9,0,3,0
S_redundant_800,0,0,0,0,0,0,0,0,0,0
S_redundant_804,17,12,34,30,69,3,15,15,23,3
S_redundant_808,5,6,4,17,26,9,21,11,21,1
S_redundant_812,47,37,46,17,52,9,30,39,28,6
S_redundant_816,0,0,0,0,0,0,0,0,0,0
S_redundant_820,47,69,25,34,43,13,9,19,32,1
S_redundant_824,11,12,21,17,17,7,12,11,12,1
S_redundant_828,5,6,21,25,69,15,15,19,22,2
S_redundant_832,11,6,4,4,8,0,0,3,4,1
S_redundant_836,5,18,4,4,17,5,9,0,3,1
S_redundant_840,83,88,25,8,43,3,27,27,28,3
S_redundant_844,17,18,17,8,69,9,9,11,20,4
S_redundant_848,0,12,8,4,0,7,6,0,4,0
S_redundant_852,23,44,17,17,43,9,6,0,27,6
S_redundant_856,0,18,12,0,26,5,6,0,1,1
S_redundant_860,0,6,0,0,17,0,0,3,4,0
S_redundant_864,5,0,4,0,0,1,3,0,5,0
S_redundant_868,11,6,8,4,26,5,0,15,6,2
S_redundant_872,5,0,0,4,0,0,0,7,4,2
S_redundant_876,23,12,21,12,26,5,12,15,17,1
S_redundant_880,29,63,46,25,69,17,21,19,40,7
S_redundant_884,53,31,29,12,69,13,18,23,25,2
S_redundant_888,0,0,0,0,0,0,0,0,0,0
S_redundant_892,29,31,17,30,34,3,30,27,51,1
S_redundant_896,29,31,21,30,60,7,12,19,40,1
S_redundant_900,71,56,55,38,60,21,21,31,39,5
S_redundant_904,17,12,0,4,34,5,9,0,10,1
S_redundant_908,0,0,0,0,0,0,0,0,0,0
S_redundant_912,29,12,21,17,43,5,6,15,22,0
S_redundant_916,23,25,17,30,17,3,12,11,17,2
S_redundant_920,35,37,38,43,87,13,39,31,44,8
S_redundant_924,41,37,25,43,52,21,27,31,23,1
S_redundant_928,0,0,0,0,0,0,0,0,0,0
S_redundant_932,47,37,55,34,87,19,33,35,40,6
S_redundant_936,0,0,0,0,0,0,0,0,0,0
S_redundant_940,5,12,17,12,34,11,3,7,13,2
S_redundant_944,17,44,29,34,52,3,36,42,36,4
S_redundant_948,11,25,21,17,43,3,15,19,24,1
S_redundant_952,0,6,0,4,8,1,6,0,9,0
S_redundant_956,23,44,25,4,60,15,9,19,22,1
S_redundant_960,29,6,17,0,34,5,12,3,26,2
S_redundant_964,0,0,8,4,17,0,3,0,7,0
S_redundant_968,5,0,8,21,8,3,3,11,6,1
S_redundant_972,47,44,29,30,69,13,24,31,42,3
S_redundant_976,29,44,8,30,69,9,12,15,35,3
S_redundant_980,35,63,25,12,34,11,9,15,33,3
S_redundant_984,35,25,17,38,60,5,15,11,15,3
S_redundant_988,29,50,21,38,60,29,30,27,30,4
S_redundant_992,5,6,8,8,43,5,30,3,6,3
S_redundant_996,23,37,29,21,60,15,15,35,26,6
S_redundant_1000,5,6,12,12,34,7,12,15,16,3
S_redundant_1004,53,31,17,38,34,13,36,19,35,2
S_redundant_1008,29,44,34,34,113,19,15,42,37,3
S_redundant_1012,17,0,4,0,26,3,3,0,9,2
S_redundant_1016,5,6,17,4,17,3,3,3,12,0
S_redundant_1020,5,6,4,12,0,3,9,11,4,0
S_redundant_1024,47,56,38,60,69,11,21,39,44,4
S_redundant_1028,11,18,12,17,8,1,9,3,7,1
S_redundant_1032,23,12,17,4,8,0,3,3,10,0
S_redundant_1036,47,18,21,30,52,11,9,15,21,2
S_redundant_1040,11,31,12,8,34,9,9,15,20,2
S_redundant_1044,5,6,0,8,0,7,0,3,6,1
S_redundant_1048,23,63,25,51,87,21,33,46,53,7
S_redundant_1052,17,25,29,17,52,11,12,15,29,1
S_redundant_1056,41,44,25,8,43,1,18,27,27,2
S_redundant_1060,41,31,8,17,43,0,9,3,27,1
S_redundant_1064,0,0,0,0,0,0,0,0,0,0
S_redundant_1068,29,37,25,8,26,5,27,15,27,2
S_redundant_1072,71,75,46,17,52,9,21,23,51,4
S_redundant_1076,53,37,38,30,95,21,21,27,50,5
S_redundant_1080,0,12,12,0,17,1,3,0,6,1
S_redundant_1084,0,0,0,0,0,0,0,0,0,0
S_redundant_1088,53,56,59,51,34,27,33,23,35,7
S_redundant_1092,23,50,64,60,69,11,15,27,38,5
S_redundant_1096,71,44,64,12,113,13,24,31,39,1
S_redundant_1100,41,50,46,51,104,25,24,31,48,3
S_redundant_1104,65,63,34,34,52,19,24,35,33,5
S_redundant_1108,29,63,21,21,78,7,9,3,28,5
S_redundant_1112,47,56,21,30,95,11,15,19,34,4
S_redundant_1116,0,0,0,0,0,0,0,0,0,0
S_redundant_1120,59,94,25,25,95,13,18,54,41,2
S_redundant_1124,0,6,17,30,26,1,6,11,12,2
S_redundant_1128,0,0,0,0,0,0,0,0,0,0
S_redundant_1132,65,50,12,38,69,17,18,23,35,4
S_redundant_1136,0,0,0,0,0,0,0,0,0,0
S_redundant_1140,5,6,4,8,17,1,6,7,11,0
S_redundant_1144,0,6,4,8,17,3,12,3,10,2
S_redundant_1148,35,56,38,47,60,23,21,27,21,3
S_redundant_1152,11,37,8,25,34,3,12,11,23,2
S_redundant_1156,95,107,42,55,52,19,33,50,41,4
S_redundant_1160,11,25,34,17,95,13,12,7,43,2
S_redundant_1164,29,44,29,25,78,11,33,35,32,4
S_redundant_1168,5,12,0,8,8,1,0,7,8,0
S_redundant_1172,29,50,38,38,87,15,12,42,53,8
S_redundant_1176,77,31,34,43,43,13,24,46,35,5
S_redundant_1180,5,6,8,8,0,1,15,3,10,2
S_redundant_1184,35,37,29,17,52,7,18,39,23,2
S_redundant_1188,23,0,4,4,0,3,6,7,9,1
S_redundant_1192,65,25,34,25,60,11,21,27,30,5
S_redundant_1196,23,6,12,0,8,0,0,0,8,0
S_redundant_1200,101,75,29,51,69,19,33,27,46,6
S_redundant_1204,29,31,29,43,26,11,15,15,25,1
S_redundant_1208,5,18,8,8,0,9,3,3,12,0
S_redundant_1212,17,12,8,0,8,5,3,15,10,0
S_redundant_1216,29,69,46,12,52,11,15,39,33,4
S_redundant_1220,35,31,21,25,52,5,18,19,28,5
S_redundant_1224,23,12,12,17,69,9,3,7,12,2
S_redundant_1228,47,37,46,60,60,31,30,42,51,7
S_redundant_1232,29,31,38,25,43,7,12,7,27,6
S_redundant_1236,47,75,42,25,87,27,21,54,34,8
S_redundant_1240,0,0,0,0,0,0,0,0,0,0
S_redundant_1244,65,50,34,17,34,5,15,23,33,2
S_redundant_1248,23,25,17,12,43,9,21,11,27,3
S_redundant_1252,47,138,51,25,60,27,24,42,42,3
S_redundant_1256,23,25,17,34,69,7,30,19,50,5
S_redundant_1260,0,0,0,0,0,0,0,0,0,0
S_redundant_1264,23,6,12,25,43,3,9,7,18,0
S_redundant_1268,47,69,51,34,78,13,42,35,47,8
SPECIAL_1,11,25,4,8,43,1,9,11,18,600
SPECIAL_2,77,75,12,30,121,21,21,39,45,625
SPECIAL_3,17,12,12,4,34,5,9,0,8,525
