q,p,max_rank,sample_id,clone1,clone2,midline,clone1_score,clone2_score,clone1_count,clone1_cpm,clone1_rank,clone2_count,clone2_cpm,clone2_rank
0.012506822801765492,1.3683613568671215e-05,0.0036991368680641184,sample_a,S_728,S_732,KTSVDCTMYICGDSTE,170.644,170.644,500.0,18270.84703646861,0.0036991368680641184,500.0,18270.84703646861,0.0036991368680641184
0.012506822801765492,1.3683613568671215e-05,0.0036991368680641184,sample_a,S_732,S_redundant_736,DCTMYICGDSTECSNL,170.644,170.644,500.0,18270.84703646861,0.0036991368680641184,500.0,18270.84703646861,0.0036991368680641184
0.01482290109838873,2.432642412208216e-05,0.004932182490752158,sample_a,S_redundant_736,S_redundant_740,YICGDSTECSNLLLQY,170.644,165.128,500.0,18270.84703646861,0.0036991368680641184,800.0,29233.355258349777,0.004932182490752158
0.019782033451158487,0.0001839685824232463,0.013563501849568433,sample_a,ORF7b_16,ORF7b_20,VLIMLIIFWFSLELQD,100.0,100.0,625.0,22838.558795585763,0.013563501849568433,875.0,31973.98231382007,0.013563501849568433
0.019782033451158487,0.0001839685824232463,0.013563501849568433,sample_a,S_redundant_732,S_redundant_736,DCTMYICGDSTECSNL,100.0,170.644,1525.0,55726.08346122926,0.013563501849568433,500.0,18270.84703646861,0.0036991368680641184
0.019782033451158487,0.0001839685824232463,0.013563501849568433,sample_a,S_redundant_728,S_redundant_732,KTSVDCTMYICGDSTE,100.0,100.0,1125.0,41109.40583205438,0.013563501849568433,1525.0,55726.08346122926,0.013563501849568433
0.019782033451158487,0.0001839685824232463,0.013563501849568433,sample_a,S_740,S_redundant_736,YICGDSTECSNLLLQY,100.0,170.644,1150.0,42022.9481838778,0.013563501849568433,500.0,18270.84703646861,0.0036991368680641184
0.019782033451158487,0.0001839685824232463,0.013563501849568433,sample_a,S_736,S_redundant_740,YICGDSTECSNLLLQY,100.0,165.128,1050.0,38368.778776584084,0.013563501849568433,800.0,29233.355258349777,0.004932182490752158
0.019782033451158487,0.0001839685824232463,0.013563501849568433,sample_a,S_736,S_redundant_736,DCTMYICGDSTECSNLLLQY,100.0,170.644,1050.0,38368.778776584084,0.013563501849568433,500.0,18270.84703646861,0.0036991368680641184
0.019782033451158487,0.0001839685824232463,0.013563501849568433,sample_a,S_740,S_redundant_740,YICGDSTECSNLLLQYGSFC,100.0,165.128,1150.0,42022.9481838778,0.013563501849568433,800.0,29233.355258349777,0.004932182490752158
0.019782033451158487,0.0001839685824232463,0.013563501849568433,sample_a,S_736,S_740,YICGDSTECSNLLLQY,100.0,100.0,1050.0,38368.778776584084,0.013563501849568433,1150.0,42022.9481838778,0.013563501849568433
0.019782033451158487,0.0001839685824232463,0.013563501849568433,sample_a,S_732,S_redundant_732,KTSVDCTMYICGDSTECSNL,170.644,100.0,500.0,18270.84703646861,0.0036991368680641184,1525.0,55726.08346122926,0.013563501849568433
0.019782033451158487,0.0001839685824232463,0.013563501849568433,sample_a,S_732,S_redundant_728,KTSVDCTMYICGDSTE,170.644,100.0,500.0,18270.84703646861,0.0036991368680641184,1125.0,41109.40583205438,0.013563501849568433
0.019782033451158487,0.0001839685824232463,0.013563501849568433,sample_a,S_732,S_736,DCTMYICGDSTECSNL,170.644,100.0,500.0,18270.84703646861,0.0036991368680641184,1050.0,38368.778776584084,0.013563501849568433
0.019782033451158487,0.0001839685824232463,0.013563501849568433,sample_a,S_728,S_redundant_732,KTSVDCTMYICGDSTE,170.644,100.0,500.0,18270.84703646861,0.0036991368680641184,1525.0,55726.08346122926,0.013563501849568433
0.019782033451158487,0.0001839685824232463,0.013563501849568433,sample_a,S_728,S_redundant_728,VSMTKTSVDCTMYICGDSTE,170.644,100.0,500.0,18270.84703646861,0.0036991368680641184,1125.0,41109.40583205438,0.013563501849568433
0.019782033451158487,0.0001839685824232463,0.013563501849568433,sample_a,S_736,S_redundant_732,DCTMYICGDSTECSNL,100.0,100.0,1050.0,38368.778776584084,0.013563501849568433,1525.0,55726.08346122926,0.013563501849568433
0.020902606627024735,0.0005488649442544788,0.02342786683107275,sample_b,E3_44,E4_40,CNIVNV LVKPSFYVYS,100.0,100.0,525.0,38914.832110295756,0.02342786683107275,525.0,38914.832110295756,0.02342786683107275
0.020902606627024735,0.0005488649442544788,0.02342786683107275,sample_b,E3_44,E4_36,CNIVNV LVKPSFY,100.0,100.0,525.0,38914.832110295756,0.02342786683107275,575.0,42621.006596990585,0.02342786683107275
0.020902606627024735,0.0005488649442544788,0.02342786683107275,sample_b,E3_40,E_40,AYCCNIVNV LVKPSFYVY,100.0,100.0,500.0,37061.744866948335,0.02342786683107275,550.0,40767.91935364317,0.02342786683107275
0.020902606627024735,0.0005488649442544788,0.02342786683107275,sample_b,E3_40,E_36,CAYCCNIVNV LVKPSF,100.0,100.0,500.0,37061.744866948335,0.02342786683107275,550.0,40767.91935364317,0.02342786683107275
0.020902606627024735,0.0005488649442544788,0.02342786683107275,sample_b,E3_40,E3_44,CNIVNVQLVKPSFYVY,100.0,100.0,500.0,37061.744866948335,0.02342786683107275,525.0,38914.832110295756,0.02342786683107275
0.020902606627024735,0.0005488649442544788,0.02342786683107275,sample_b,E3_40,E4_36,CAYCCNIVNV LVKPSFY,100.0,100.0,500.0,37061.744866948335,0.02342786683107275,575.0,42621.006596990585,0.02342786683107275
0.020902606627024735,0.0005488649442544788,0.02342786683107275,sample_b,E3_36,E_40,AYCCNIVNV LVKPS,100.0,100.0,550.0,40767.91935364317,0.02342786683107275,550.0,40767.91935364317,0.02342786683107275
0.020902606627024735,0.0005488649442544788,0.02342786683107275,sample_b,E3_44,E_40,CNIVNV LVKPSFYVYS,100.0,100.0,525.0,38914.832110295756,0.02342786683107275,550.0,40767.91935364317,0.02342786683107275
0.020902606627024735,0.0005488649442544788,0.02342786683107275,sample_b,E3_40,E4_40,YCCNIVNV LVKPSFYVY,100.0,100.0,500.0,37061.744866948335,0.02342786683107275,525.0,38914.832110295756,0.02342786683107275
0.020902606627024735,0.0005488649442544788,0.02342786683107275,sample_b,E4_32,E4_36,RLCAYCCNIVNVNLVK,100.0,100.0,550.0,40767.91935364317,0.02342786683107275,575.0,42621.006596990585,0.02342786683107275
0.020902606627024735,0.0005488649442544788,0.02342786683107275,sample_b,E_0,E_4,VSEETGTLIVNSVLLF,100.0,100.0,550.0,40767.91935364317,0.02342786683107275,575.0,42621.006596990585,0.02342786683107275
0.020902606627024735,0.0005488649442544788,0.02342786683107275,sample_b,E4_32,E_36,LRLCAYCCNIVNV+LVK,100.0,100.0,550.0,40767.91935364317,0.02342786683107275,550.0,40767.91935364317,0.02342786683107275
0.020902606627024735,0.0005488649442544788,0.02342786683107275,sample_b,E4_36,E4_40,YCCNIVNVNLVKPSFY,100.0,100.0,575.0,42621.006596990585,0.02342786683107275,525.0,38914.832110295756,0.02342786683107275
0.020902606627024735,0.0005488649442544788,0.02342786683107275,sample_b,E4_36,E_36,RLCAYCCNIVNV+LVKPSF,100.0,100.0,575.0,42621.006596990585,0.02342786683107275,550.0,40767.91935364317,0.02342786683107275
0.020902606627024735,0.0005488649442544788,0.02342786683107275,sample_b,E4_36,E_40,AYCCNIVNV+LVKPSFY,100.0,100.0,575.0,42621.006596990585,0.02342786683107275,550.0,40767.91935364317,0.02342786683107275
0.020902606627024735,0.0005488649442544788,0.02342786683107275,sample_b,E4_40,E4_44,IVNVNLVKPSFYVYS,100.0,100.0,525.0,38914.832110295756,0.02342786683107275,500.0,37061.744866948335,0.02342786683107275
0.020902606627024735,0.0005488649442544788,0.02342786683107275,sample_b,E4_40,E_36,YCCNIVNV+LVKPSF,100.0,100.0,525.0,38914.832110295756,0.02342786683107275,550.0,40767.91935364317,0.02342786683107275
0.020902606627024735,0.0005488649442544788,0.02342786683107275,sample_b,E4_40,E_40,YCCNIVNV+LVKPSFYVYS,100.0,100.0,525.0,38914.832110295756,0.02342786683107275,550.0,40767.91935364317,0.02342786683107275
0.020902606627024735,0.0005488649442544788,0.02342786683107275,sample_b,E3_36,E_36,LRLCAYCCNIVNV LVKPS,100.0,100.0,550.0,40767.91935364317,0.02342786683107275,550.0,40767.91935364317,0.02342786683107275
0.020902606627024735,0.0005488649442544788,0.02342786683107275,sample_b,E_32,E_36,LRLCAYCCNIVNVSLV,100.0,100.0,550.0,40767.91935364317,0.02342786683107275,550.0,40767.91935364317,0.02342786683107275
0.020902606627024735,0.0005488649442544788,0.02342786683107275,sample_b,E_36,E_40,AYCCNIVNVSLVKPSF,100.0,100.0,550.0,40767.91935364317,0.02342786683107275,550.0,40767.91935364317,0.02342786683107275
0.020902606627024735,0.0005488649442544788,0.02342786683107275,sample_b,E4_32,E_32,LTALRLCAYCCNIVNV+LV,100.0,100.0,550.0,40767.91935364317,0.02342786683107275,550.0,40767.91935364317,0.02342786683107275
0.020902606627024735,0.0005488649442544788,0.02342786683107275,sample_b,E3_36,E_32,ALRLCAYCCNIVNV LV,100.0,100.0,550.0,40767.91935364317,0.02342786683107275,550.0,40767.91935364317,0.02342786683107275
0.020902606627024735,0.0005488649442544788,0.02342786683107275,sample_b,E2_40,E4_40,YCCN VNV LVKPSFYVYS,100.0,100.0,700.0,51886.44281372767,0.02342786683107275,525.0,38914.832110295756,0.02342786683107275
0.020902606627024735,0.0005488649442544788,0.02342786683107275,sample_b,E3_36,E4_36,RLCAYCCNIVNV LVKPS,100.0,100.0,550.0,40767.91935364317,0.02342786683107275,575.0,42621.006596990585,0.02342786683107275
0.020902606627024735,0.0005488649442544788,0.02342786683107275,sample_b,E2_32,E2_36,LRLCAYCCNQVNVKLV,100.0,100.0,500.0,37061.744866948335,0.02342786683107275,600.0,44474.093840338006,0.02342786683107275
0.020902606627024735,0.0005488649442544788,0.02342786683107275,sample_b,E2_32,E3_36,ALRLCAYCCN VNV+LV,100.0,100.0,500.0,37061.744866948335,0.02342786683107275,550.0,40767.91935364317,0.02342786683107275
0.020902606627024735,0.0005488649442544788,0.02342786683107275,sample_b,E2_32,E4_32,LTALRLCAYCCN VNV LV,100.0,100.0,500.0,37061.744866948335,0.02342786683107275,550.0,40767.91935364317,0.02342786683107275
0.020902606627024735,0.0005488649442544788,0.02342786683107275,sample_b,E2_32,E_32,ILTALRLCAYCCN VNV LV,100.0,100.0,500.0,37061.744866948335,0.02342786683107275,550.0,40767.91935364317,0.02342786683107275
0.020902606627024735,0.0005488649442544788,0.02342786683107275,sample_b,E2_36,E2_40,AYCCNQVNVKLVKPSF,100.0,100.0,600.0,44474.093840338006,0.02342786683107275,700.0,51886.44281372767,0.02342786683107275
0.020902606627024735,0.0005488649442544788,0.02342786683107275,sample_b,E2_36,E3_36,LRLCAYCCN VNV+LVKPS,100.0,100.0,600.0,44474.093840338006,0.02342786683107275,550.0,40767.91935364317,0.02342786683107275
0.020902606627024735,0.0005488649442544788,0.02342786683107275,sample_b,E2_36,E3_40,CAYCCN VNV+LVKPSF,100.0,100.0,600.0,44474.093840338006,0.02342786683107275,500.0,37061.744866948335,0.02342786683107275
0.020902606627024735,0.0005488649442544788,0.02342786683107275,sample_b,E2_36,E4_36,RLCAYCCN VNV LVKPSF,100.0,100.0,600.0,44474.093840338006,0.02342786683107275,575.0,42621.006596990585,0.02342786683107275
0.020902606627024735,0.0005488649442544788,0.02342786683107275,sample_b,E2_36,E4_40,YCCN VNV LVKPSF,100.0,100.0,600.0,44474.093840338006,0.02342786683107275,525.0,38914.832110295756,0.02342786683107275
0.020902606627024735,0.0005488649442544788,0.02342786683107275,sample_b,E2_36,E_36,LRLCAYCCN VNV LVKPSF,100.0,100.0,600.0,44474.093840338006,0.02342786683107275,550.0,40767.91935364317,0.02342786683107275
0.020902606627024735,0.0005488649442544788,0.02342786683107275,sample_b,E3_36,E4_40,YCCNIVNV LVKPS,100.0,100.0,550.0,40767.91935364317,0.02342786683107275,525.0,38914.832110295756,0.02342786683107275
0.020902606627024735,0.0005488649442544788,0.02342786683107275,sample_b,E2_36,E_40,AYCCN VNV LVKPSF,100.0,100.0,600.0,44474.093840338006,0.02342786683107275,550.0,40767.91935364317,0.02342786683107275
0.020902606627024735,0.0005488649442544788,0.02342786683107275,sample_b,E2_40,E3_36,AYCCN VNV+LVKPS,100.0,100.0,700.0,51886.44281372767,0.02342786683107275,550.0,40767.91935364317,0.02342786683107275
0.020902606627024735,0.0005488649442544788,0.02342786683107275,sample_b,E2_40,E3_40,AYCCN VNV+LVKPSFYVY,100.0,100.0,700.0,51886.44281372767,0.02342786683107275,500.0,37061.744866948335,0.02342786683107275
0.020902606627024735,0.0005488649442544788,0.02342786683107275,sample_b,E2_40,E3_44,CN VNV+LVKPSFYVYS,100.0,100.0,700.0,51886.44281372767,0.02342786683107275,525.0,38914.832110295756,0.02342786683107275
0.020902606627024735,0.0005488649442544788,0.02342786683107275,sample_b,E2_40,E4_36,AYCCN VNV LVKPSFY,100.0,100.0,700.0,51886.44281372767,0.02342786683107275,575.0,42621.006596990585,0.02342786683107275
0.020902606627024735,0.0005488649442544788,0.02342786683107275,sample_b,E_40,E_44,NIVNVSLVKPSFYVYS,100.0,100.0,550.0,40767.91935364317,0.02342786683107275,500.0,37061.744866948335,0.02342786683107275
0.020902606627024735,0.0005488649442544788,0.02342786683107275,sample_b,E2_40,E_36,AYCCN VNV LVKPSF,100.0,100.0,700.0,51886.44281372767,0.02342786683107275,550.0,40767.91935364317,0.02342786683107275
0.020902606627024735,0.0005488649442544788,0.02342786683107275,sample_b,E2_40,E_40,AYCCN VNV LVKPSFYVYS,100.0,100.0,700.0,51886.44281372767,0.02342786683107275,550.0,40767.91935364317,0.02342786683107275
0.020902606627024735,0.0005488649442544788,0.02342786683107275,sample_b,E2_44,E3_44,N VNV+LVKPSFYVYS,100.0,100.0,550.0,40767.91935364317,0.02342786683107275,525.0,38914.832110295756,0.02342786683107275
0.020902606627024735,0.0005488649442544788,0.02342786683107275,sample_b,E3_36,E3_40,CAYCCNIVNVQLVKPS,100.0,100.0,550.0,40767.91935364317,0.02342786683107275,500.0,37061.744866948335,0.02342786683107275
0.020902606627024735,0.0005488649442544788,0.02342786683107275,sample_b,E3_36,E4_32,ALRLCAYCCNIVNV LVK,100.0,100.0,550.0,40767.91935364317,0.02342786683107275,550.0,40767.91935364317,0.02342786683107275
0.020902606627024735,0.0005488649442544788,0.02342786683107275,sample_b,E2_40,E2_44,NQVNVKLVKPSFYVYS,100.0,100.0,700.0,51886.44281372767,0.02342786683107275,550.0,40767.91935364317,0.02342786683107275
0.024513372691460363,0.0006704970648648895,0.025893958076448828,sample_b,E_4,E_8,TGTLIVNSVLLFLAFV,100.0,87.5,575.0,42621.006596990585,0.02342786683107275,625.0,46327.18108368542,0.025893958076448828
0.024513372691460363,0.0006704970648648895,0.025893958076448828,sample_b,SPECIAL_2,SPECIAL_3,L    QWSPECIALEE   + ,87.5,100.0,625.0,46327.18108368542,0.025893958076448828,525.0,38914.832110295756,0.02342786683107275
